title,abstract_plain,keywords,topics,authors,organisations,poster_location,file_name,landscape/ portrait,online/ in-person,presenter_time
Dignified Deletion: Toward a Philosophy of Letting Go in Digital Preservation,"This presentation challenges a foundational assumption of digital preservation: that our mission is to save as much as possible, for as long as possible. Drawing on ecological concepts of decay, regeneration, and the forest floor, it proposes a philosophy of 'graceful degradation' and 'dignified deletion'—frameworks for intentionally letting some digital objects die. While current preservation practices focus on preventing data loss, they also create ongoing obligations: storage costs, format migration, metadata maintenance, and the labor of future colleagues. This presentation explores five interconnected provocations: ecological necessity of decay, environmental sustainability concerns, authenticity of ephemeral objects, preservation debt for future workers, and deletion as ethical care. The presentation introduces a draft framework for principled deaccessioning, 'dignified deletion,' including documentation, redistribution, sunset metadata, and transparent retention policies.","Policy, Strategy, Costs, Management, Preservation Planning","Management, Organizations, Staffing, Repository Assessments, Costs
Appraisal / Selection, Acquisition, Ingest
Legal / Ethical / Environmental Considerations, Policy, Strategy","Schmid, Irina","The American University in Cairo, Egypt",online,107_IrinaSchmid_DignifiedDeletion.pdf,landscape,online,"Minute Madness Session: Tuesday, 22 September 2026: 11:00am - 11:45am and presenters are likely to be available later during the lunch or afternoon to talk about their poster"
Don’t Stop Retrievin’: Ensuring Version Integrity in Publications and Metadata,"This poster will show the specialized versioning workflow for e-books that was developed by KBNL last year. What makes this workflow so unique and special, is that it's the first implementation of versions in KBNL's e-Depot, combined with the way these e-books and associated metadata are sent to KBNL: separately and asynchronously. The poster will also include a preview of a workflow for synchronously received materials.","Ingest, Workflows, Content, Metadata, Versioning","File Formats, Content Integrity, Migrations, Content Preservation
Metadata, Description
Appraisal / Selection, Acquisition, Ingest","Hofsink, Inge;
Ligtenberg, Richard",KB national library of the Netherlands,1,113_Hofsink-Ligtenberg_Dont-Stop-Retrievin_.pdf,portrait,,"Minute Madness Session: Tuesday, 22 September 2026: 11:00am - 11:45am and presenters are likely to be available later during the lunch or afternoon to talk about their poster"
DIGITAL FORENSICS AND CONTEMPORARY PRACTICE: Updating and Reframing the DPC Technology Watch Report (2012),"This poster introduces the near final draft of the updated Digital Forensics Technology Watch Report from the Digital Preservation Coalition (DPC). Originally published in 2012, the report has been revised to reflect the maturation of digital forensics within digital preservation and the changing nature of born-digital personal archives. The updated guide reframes digital forensics around preservation goals, emphasising context, experience, and research use, and provides expanded practical and ethical guidance. We invite feedback from the iPRES community and aim to raise awareness of the guide as a resource for practitioners.","Forensics, Storage Media, Archives Content, Digital Forensics, Personal Digital Archives","File Formats, Content Integrity, Migrations, Content Preservation
Appraisal / Selection, Acquisition, Ingest
Legal / Ethical / Environmental Considerations, Policy, Strategy","McKean, Callum (1);
Talboom, Leontien (2)","1: The British Library, United Kingdom;
2: University of Cambridge Libraries and Archives, United Kingdom",24,McKeanTalboom_Digital_Forensics_and_Preservation.pdf,portrait,,"Minute Madness Session: Tuesday, 22 September 2026: 11:00am - 11:45am and presenters are likely to be available later during the lunch or afternoon to talk about their poster"
SGP-VSD: PACKAGER FOR SIP PACKETS ORIGINATING FROM THE DIGITIZATION OF VIDEO DOCUMENTS IN HEALTHCARE.,"The Oswaldo Cruz Foundation (Fiocruz) is the largest public health research institution in Brazil and a national leader in the production of vaccines for the Unified Health System (SUS). Throughout its 126 years, Fiocruz has built a vast collection that constitutes a significant part of Brazil's scientific and cultural heritage.
Created in 1988, in the context of the Brazilian Health Reform, VideoSaúde - Fiocruz Distributor (VSD), linked to ICICT/Fiocruz, is responsible for the management, preservation, production, dissemination and distribution of audiovisual material on health produced by Fiocruz, partner institutions and independent producers.
The VSD collection serves a diverse network of users, including researchers, students, the general public and technical staff involved in the management of Fiocruz's collections. Currently, it consists of more than 10,000 hours of video and approximately 9,000 items cataloged in its Database of Audiovisual Resources in Health (BRAVS), including analog and digital formats.
As part of a broader preservation ecosystem, VSD developed the Preservation Management System (SGP-VSD), designed to support the creation of Submission Information Packages (SIPs) compliant with the ISO 14721 model (OAIS). The SGP-VSD provides a systemic application capable of managing and packaging video archive documents in the healthcare field, originating from magnetic tape digitization processes, allowing the recording of the summarized process history of the digitization event through the adoption of XML-encoded PREMIS metadata generated by the System.
This workflow integrates the registration of Preservation Description Information (PDI), enabling OAIS packages that strengthen the chain of custody, the preservation chain, the presumption of protection, and reliability, with the generation of Archival Information Packages (AIPs) via Archivematica.
The work proposed here aims to present a brief description of SGP-VSD as a system designed to be a packager of health video documents integrated with databases via API - Rest, as well as the use of functionalities that apply the requirements of ISO 14721 and 16363 standards and standards that support the generation of SIPs that complete the preservation chain with the generation of robust, authentic, interoperable and specific AIPs through the Archivematica digital preservation tool.","Audiovisual Content, Digitized Content, Metadata, Workflows, Repository Systems Software","File Formats, Content Integrity, Migrations, Content Preservation
Technical Infrastructure, Tools, Storage, Bit Preservation
Metadata, Description
Appraisal / Selection, Acquisition, Ingest","Nogueira Machado, João Guilherme;
Batista Pontes, Eliane;
Huche Lopes, Cleomar;
Mardero Arellano, Miguel Ángel","Oswaldo Cruz Foundation, Brazil",3,116_Machado-JoaoGuilherme_SGP-VSD_packager.pdf,portrait,,"Minute Madness Session: Tuesday, 22 September 2026: 11:00am - 11:45am and presenters are likely to be available later during the lunch or afternoon to talk about their poster"
THE DISKOVERY PILOT: Amiga Coverdisk Emulation & Videogaming the Incidental,"The National Library of Scotland's Diskovery Pilot is a two-year project to preserve and provide access to collections held on CD Audio, DVD Video, and 3.5-inch floppy disk. This poster focuses on the latter, drawing on Amiga-formatted coverdisks from computing magazines of the 1980s and 1990s to address a pressing preservation horizon: the obsolescence of disk-based collections carrying sound, moving image, and videogame culture. Diskovery is framed by the emergent digital – the transitional period from magnetic to optical data storage (1970s–1990s) – and the radical expansion of multimedia through personal computing that accompanied it.
COVERDISK MIGRATION: FLOPPY DISK WORKFLOWS AND AMIGA PRESERVATION
3.5-inch floppy coverdisks constitute the Library's largest computer game collection, arriving incidentally as supplemental material to legally deposited magazines. Scottish classics ‘Menace’ and ‘Lemmings’ from Dundee's DMA Design reside here alongside software, tutorials, utilities, and digital art primers. The migration workflow draws on digital forensics practices, refined through dialogue with the Digital Preservation Coalition (DPC) and training from Cambridge University Library's Future Nostalgia Project. Workflows target both flux-level fidelity and emulation-ready output, ensuring captured disks are playable within Amiga Forever, a licensed emulation environment. This approach relies on affordable, open-source hardware, including the Greaseweazle floppy disk controller, offering a reproducible methodology for institutions facing similar collection loss risks.
PLAYING THE ARCHIVE: EMULATION AND THE GAMING KIOSK
Emulation terminals will be deployed in the George IV Reading Room in Edinburgh and at Moving Image, Music & Sound Collections in Glasgow, realising preservation to the point of access. Installing a gaming kiosk in a research library re-orients the public access offer toward interactive, time-based digital culture, raising questions around emulation licensing, accessibility, and what gaming means in spaces traditionally reserved for text-based research. Diskovery proposes a replicable model for cultural memory institutions beginning to engage with gaming collections.
ACCESS CHALLENGES AND THE CULTURAL POROSITY OF VIDEOGAMES
Under UK Legal Deposit, videogames fall outside Non-Print Legal Deposit legislation, yet the Library has accumulated its largest games collection through incidental coverdisks. This inversion calls for more flexible collecting mandates. The Library is co-leading a network with National Museums Scotland and the National Videogame Museum toward a shared framework for collecting, preserving, and presenting Scotland's videogaming legacy—directly addressing iPRES 2026's Community theme. Videogames are culturally porous, bleeding into art, music, and cinema, and Diskovery asks what it means for a national library to steward not only games, but their afterlives across forms.","Audiovisual Content, Emulation, Migration, Videogames, Floppy Coverdisks","File Formats, Content Integrity, Migrations, Content Preservation
Technical Infrastructure, Tools, Storage, Bit Preservation
Community, Collaborations
Metadata, Description
Discovery, Access, Delivery, Emulation
Legal / Ethical / Environmental Considerations, Policy, Strategy","Walker, Conor de Quincey","National Library of Scotland, United Kingdom",29,118_Conor-Q-Walker_The-Diskovery-Pilot.pdf,portrait,in-person,"Minute Madness Session: Tuesday, 22 September 2026: 11:00am - 11:45am and presenters are likely to be available later during the lunch or afternoon to talk about their poster"
LTO-7 to LTO-10: Migrating Holocaust Survivor Testimonies for Long-Term Digital Preservation,"The Vancouver Holocaust Education Centre (VHEC) undertook a digital preservation migration project to strengthen the long-term stewardship of its audiovisual Holocaust testimony collection. The collection comprises over 200 survivor and eyewitness testimonies recorded since 1979 across analogue and digital formats.
As existing LTO-7 media approached the end of its recommended service lifecycle, the VHEC migrated preservation and mezzanine files to LTO-10 in alignment with best-practice recommendations for periodic carrier refresh. [1]
Beyond tape-to-tape copying, the project implemented structured repackaging using BagIt and automated Python scripts integrated with CollectiveAccess (CA), the VHEC’s content management system (CMS). An OAIS-informed workflow incorporated fixity verification and PREMIS-aligned preservation metadata. The migration produced verified preservation copies for over 200 testimonies and established a sustainable workflow suitable for small and mid-sized documentary heritage organizations.","Audiovisual Content, Tape Storage, Fixity, Workflows, Preservation Tools","File Formats, Content Integrity, Migrations, Content Preservation
Technical Infrastructure, Tools, Storage, Bit Preservation
Metadata, Description","Alster, Ada;
Singh, Rohini","Vancouver Holocaust Education Centre (VHEC), Canada",4,AdaRohini_LTO-7toLTO-10.pdf,portrait,,"Minute Madness Session: Tuesday, 22 September 2026: 11:00am - 11:45am and presenters are likely to be available later during the lunch or afternoon to talk about their poster"
Repository Autoscaling Through Use Of Containers And Operational Metrics – A Cloud-based Approach,"At California Digital Library, the digital preservation repository team is amid a paradigm shift that entails movement of the system’s microservices and queueing capabilities to a fully containerized state. Meaning, each key service, such as ingest, inventory and storage will operate in independent but orchestrated containers.
There are numerous advantages to running a repository using this new strategy and infrastructure. This poster will illustrate the team’s transition from its current cloud infrastructure to containers, including items such as infrastructure as code, orchestration and vitally, using key metrics to determine when the system should scale its resources to handle variable deposit rates – all with the intention of optimizing throughput, costs and environmental impact.","Repository Systems Software, Cloud, Strategy, Workflows, Containerization","Technical Infrastructure, Tools, Storage, Bit Preservation","Lopatin, Eric","University of California, California Digital Library, United States",30,EricLopatin_Repository-Autoscaling-through-use-of-Containers-and-Operational-Metrics.pdf,landscape,,"Minute Madness Session: Tuesday, 22 September 2026: 11:00am - 11:45am and presenters are likely to be available later during the lunch or afternoon to talk about their poster"
Roadmap to Preservation (maybe the real treasure was the friends we made along the way...),"In October 2025, the team at RMIT University Archives, in collaboration with RMIT Library, had their Digital Preservation Roadmap endorsed by the University’s Information Governance Board. This paved the way for an ongoing project to build Archives’ digital preservation capability and capacity through improvements to staff, storage and systems. The endorsement was the culmination of three years of work and learning about advocacy, building relationships and engaging with our community to make progress on our goals.","Strategy, People, Collaboration","Management, Organizations, Staffing, Repository Assessments, Costs
Community, Collaborations
Legal / Ethical / Environmental Considerations, Policy, Strategy","Shaw, Cassie;
Tropea, Rachel","RMIT University, Australia",online,CassieShaw_RoadmapToPreservation.pdf,landscape,,"Minute Madness Session: Tuesday, 22 September 2026: 11:00am - 11:45am and presenters are likely to be available later during the lunch or afternoon to talk about their poster"
Shrinking the Digital Heap: Triaging Digital Carriers at Cambridge University Library,"Many of Cambridge University Library (CUL)’s modern archival collections include digital carriers. The library has a Transfer Service in which a Technical Analyst works to transfer the contents of digital carriers to digital preservation storage. With the resource limitation of one Technical Analyst and one digital preservation workstation, the number of digital carriers in our collections presents a challenge.
With no method for archivists to access or appraise the contents of the digital carriers, Technical Analyst time was spent processing carriers that were later found to be blank, duplicates, or to contain files that do not need to be permanently preserved.
The Technical Analyst and Digital Archivist designed a process and set up a workstation for archivists to triage their digital carriers before sending them to the Transfer Service. This has freed up significant time for the Technical Analyst and has also increased the practical digital preservation skills and engagement of the archivists.","Collection Assessment, Forensics, Handheld Storage","Technical Infrastructure, Tools, Storage, Bit Preservation
Appraisal / Selection, Acquisition, Ingest","Johnston, Rebekah;
Talboom, Leontien","University of Cambridge Libraries and Archives, United Kingdom",25,138_Rebekah-Johnston-and-Leontien-Talboom_Shrinking-The-Digital-Heap-Triaging.pdf,portrait,in-person,"Minute Madness Session: Tuesday, 22 September 2026: 11:00am - 11:45am and presenters are likely to be available later during the lunch or afternoon to talk about their poster"
Exploring a Holistic Approach for Confronting a Legacy Backlog,"The proposed poster will show three simultaneous efforts to improve digital preservation work at the IISH by increasing collaboration between disciplines in different stages of the digital archiving process: accessioning, backlog processing and providing access. The intended purpose is to inspire discussion and reflection on each experiment separately, as well as the general principle of multidisciplinary collaboration in digital preservation.","Access, Characterisation, Workflows, Collaboration","File Formats, Content Integrity, Migrations, Content Preservation
Technical Infrastructure, Tools, Storage, Bit Preservation
Appraisal / Selection, Acquisition, Ingest
Discovery, Access, Delivery, Emulation","Rose, Alaina;
van der Knaap, Julia;
Friedland, Avigail","International Institute of Social History, Netherlands, The",2,140_RoseVanderKnaapFriedland_ExploringaHolisticApproach.pdf,portrait,,"Minute Madness Session: Wednesday, 23 September 2026: 11:00am - 11:45am and presenters are likely to be available during the lunch or afternoon to talk about their poster"
"The DLCM Technology, The Swiss Army Knife of Digital Preservation: Research Data, Administrative/Heritage Data and Innovation","Developed with financial support from swissuniversities, the DLCM's open-access technology enables long-term digital preservation. This technology has been designed with Swiss know-how to build complete digital archiving solutions accessible via a simple, ergonomic Web portal. Its strengths lie in its modularity, scalability and open architecture, which comply with the OAIS standard and best archiving practices. DLCM facilitates data deposit for both research and administrative/patrimonial fields. It automatically qualifies submitted formats, informing users of any risk of obsolescence by assigning a compliance level to each file based on the file format’s identification with the PRONOM registry. The DLCM ensures the long-term survival of archives by replicating them and guaranteeing their integrity. It mitigates the preservation risks, like natural and man-made disasters, human errors or hardware failure and hardware obsolescence. The use of open standards enables the “FAIRness” of the archives by adhering to FAIR principles through the use of the DataCite schema for metadata, by assigning a persistent identifier (DOI or ARK) to each archive and by also using persistent identifiers in metadata for individuals (ORCID), institutions (ROR) and licenses (SPDX). DLCM provides access to archives via a simple search interface, while controlling access according to access levels and data sensitivity. In the most restricted way, the user must be logged in with secured authentication (MFA, multi-factor authentication), request access to the archive and provide a signed data use agreement. Designed using state-of-the-art software practices, DLCM guarantees maintainability by implementing continuous integration and automatic testing in line with “DevOps” practices. Thanks to its modularity, the integration of a DNA connector, carried out as part of the European DNAMIC.org project, will make it possible in future to archive information packages in molecules with unrivalled data density, longevity, and very low energy requirements.","Research Data Content, Repository Systems Software, Storage Media, General Digital Preservation, Open Source Software","File Formats, Content Integrity, Migrations, Content Preservation
Technical Infrastructure, Tools, Storage, Bit Preservation","CAZEAUX, Hugues;
BURGI, Pierre-Yves","University of Geneva, Switzerland",6,Cazeaux_TheDLCMTechnology.pdf,portrait,,"Minute Madness Session: Tuesday, 22 September 2026: 11:00am - 11:45am and presenters are likely to be available later during the lunch or afternoon to talk about their poster"
Forwarding the Email Archive: Stewarding Donna J. Haraway’s Digital Correspondence at UC Santa Cruz,"The preservation of email archives is an ongoing challenge in the area of personal papers and manuscript collecting, especially in public universities and other archival institutions with mandates and expectations to provide wide access to all collections in our stewardship. Much of the history we steward is in the form of personal and family papers, faculty papers, and organizational records, in formats ranging from paper files to photographs, oral history recordings, other audiovisual materials, and (increasingly) digital files. The stewardship of digital files (especially email), including acquisition, content review, preservation, and access, introduces many challenges not present in other formats.
In 2025, the UC Santa Cruz Special Collections & Archives processed and made accessible the papers of Donna J. Haraway, UCSC Distinguished Professor Emerita who has taught in the History of Consciousness and Feminist Studies departments since 1980. A prominent writer and interdisciplinary scholar in feminist science and technology studies, Haraway's work bridges biology, philosophy, and cultural theory, and delves critically into the epistemological foundations of scientific knowledge. Haraway transferred her email correspondence, beginning in 1998 and including over 85,000 messages, to the archives to be made available for research alongside the rest of her papers.
In UC Santa Cruz’s Center for Archival Research and Training, the presenters worked together to make this collection available to researchers; in doing so, we encountered a number of technical and ethical challenges related specifically to email files. In this poster, we outline the tools we used including ePADD, Mailbag, emailchemy, DArc, TreeSize Pro, and DART, as well as the new and difficult considerations we navigated while preparing these materials for research use.
In this poster, we reflect on how Haraway’s own scholarship can inform archival thinking about digital correspondence. When we spoke to Haraway about her wishes for the future of her archive, she emphasized the scale of environmental and technological change she anticipates in the coming years. Her writing and scholarship encourages us to think critically about systems of knowledge production and preservation, as well as the technical infrastructures that support this work and the relationships (between humans, other species, environments, and machines) that sustain them. By situating a practical case study of email processing beside these larger philosophical questions, this poster invites reflection on how archival preservation practices might adapt to, or, quoting Haraway, “stay with the trouble” of our uncertain present and futures.","Access, Email Content, Workflows, Preservation Tools, Strategy","File Formats, Content Integrity, Migrations, Content Preservation
Appraisal / Selection, Acquisition, Ingest
Discovery, Access, Delivery, Emulation
Legal / Ethical / Environmental Considerations, Policy, Strategy","Norton, Alix;
Berry, Annika","UC Santa Cruz, United States of America",9,151_Norton-Berry_Forwarding-the-Email-Archive.pdf,portrait,,"Minute Madness Session: Tuesday, 22 September 2026: 11:00am - 11:45am and presenters are likely to be available later during the lunch or afternoon to talk about their poster"
"Captioning: Everything, Everywhere, All At Once? Integrating Automated Speech Recognition into a Digital Preservation Workflow","From 2023 to 2025, Emory Libraries conducted a grant-funded project exploring the use of Whisper, an open-source automated speech recognition (ASR) software, for captioning and transcribing audiovisual (AV) materials. The project found that using Whisper expanded our capacity to provide accurate, high-quality captions and favorably transformed the experience of staff engaged in captioning work. Based on these results, we were subsequently tasked with creating and preserving captions and transcripts for all AV material in our digital preservation workflow. This poster describes our approach for transforming a pilot project into an ongoing service, the challenges we encountered in scaling up this work and integrating it into an existing workflow, and lessons learned for future integrations of automated description tools.","Access, Audiovisual Content, Metadata Extraction, Open Source Software","Technical Infrastructure, Tools, Storage, Bit Preservation
Metadata, Description
Discovery, Access, Delivery, Emulation","Rao, Nina;
O'Riordan, Simon","Emory University, United States of America",5,153_Rao-ORiordan_Captioning-Everything-Everywhere-All-At-Once.pdf,portrait,,"Minute Madness Session: Wednesday, 23 September 2026: 11:00am - 11:45am and presenters are likely to be available during the lunch or afternoon to talk about their poster"
Arch-I-Scan: Archiving Our Biggest Digital Collection Yet,"This poster explores the archival workflow and technical challenges encountered during the archival process of the Arch-I-Scan project (2019-2023), an AHRC-funded initiative that generated a massive AI training dataset of Roman ceramics.
Moving from a research-active environment to a permanent repository at the Archaeology Data Service (ADS) required managing an unusually large archaeological dataset of approximately 698.78 GB. The archiving process involved a high-volume migration of over 208,000 images from .JPG to .TIF for preservation and the conversion of 3D models from .FBX to .OBJ.
A key focus of this submission is the development of a custom query and results interface designed to allow users to navigate this huge dataset. This poster reflects on the scalability of digital preservation practices when faced with ""Big Data"" and the necessity of creating a bespoke interface.","Digital Preservation, Access, Born Digital Content","File Formats, Content Integrity, Migrations, Content Preservation
Appraisal / Selection, Acquisition, Ingest
Discovery, Access, Delivery, Emulation","Brunello, Marco","University of York, United Kingdom",7,MarcoBrunello_ArchIScanArchivingOurBiggestDigitalCollectionYet.pdf,portrait,,"Minute Madness Session: Wednesday, 23 September 2026: 11:00am - 11:45am and presenters are likely to be available during the lunch or afternoon to talk about their poster"
Accessing Quantum History in the New Century: A Collaborative (Re)vision of Archival Governance,"“Never in the history of science has so effective an effort been made to record decisive moments in the evolution of new ideas while key participants are still alive.” [1]
The Archive for the History of Quantum Physics (AHQP) was a momentous undertaking by historians and physical scientists in the 1960s to preserve primary source documentation of the 20th-century quantum revolution. A project undertaken and stewarded by institutions and individuals around the world, the archive remains a critical resource. However, outdated and ambiguous project policies have prevented institutions holding AHQP materials from offering broad access to documents holding significant insight into the early development of quantum physics. This poster will outline the collaborative undertaking by the American Institute of Physics and the American Philosophical Society, two of the project’s founding institutions, to revise AHQP’s governing convention and establish a new vision of greater access and preservation for the archive’s future.","Collaboration, Governance, Access","Community, Collaborations
Discovery, Access, Delivery, Emulation","Buser, Allison","American Institute of Physics (AIP), United States of America",9,156_Allison-Buser_Accessing-Quantum-History.pdf,portrait,,"Minute Madness Session: Wednesday, 23 September 2026: 11:00am - 11:45am and presenters are likely to be available during the lunch or afternoon to talk about their poster"
Let’s doWARC! Semantic Modelling of web archiving artefacts to support their sustainable long-term preservation,"This poster presents our work on using semantic technologies to tackle contextual-ambiguities and versioning -ambiguities commonly occurring in web archiving practices.
Web archives are stored in the ISO28500:2017 standard WARC file format. Typically, each WARC file is a composite of multiple web-hosted digital objects and is remarkably efficient in terms of retrieval and storage, allowing for effective bit-level preservation. However, aspects of web archiving practices in building and managing these born-digital collections can present significant challenges to digital preservation principles such as self-containment and self-description.
Because of the distributed and dynamic nature of living web content, web archives struggle to implement sustainable and accessible approaches to versioning and context-anchoring for each digital object.
As web archives are generally built from snapshotting of living web resources situated within the networked web, unique content is often interspersed with duplicate, or near-duplicate, material. This process can reduce the visibility of the relationship between digital objects within these collections, causing a loss of contextualisation that can have real implications for meaningful description. These issues are compounded when considering the vast scale at which most web archives operate.
To address the ensuing challenges, we leveraged the specific affordances offered by the Resource Description Framework (RDF) and experimented with a local and small-scale implementation in a Jupyter environment. We used standard web archiving tools such as WARCIO and FastWARC to extract data from WARC and CDX files, and the lightweight doWARC ontology, which we designed as a metadata tool compliant with the ISO WARC specifications, to describe it.
By implementing doWARC over sample data, we were able to ascertain that RDF can be used as a tool to mitigate context-related ambiguities at scale, over ever-growing collections of WARC and derivative CDX files. With doWARC, we represented web archiving artefacts as interlinked RDF graphs and, thus doing, we were able to formalise and disambiguate the relationships between these resources, whilst also defining the context in which they had been originally captured or derived.
The representation of WARC files as RDF graphs could provide the digital archivists with metadata that significantly enriches the related AIP, to support more sustainable long-term storage and preservation. Depending on local policy frameworks, RDF modelling with doWARC can also help digital repositories address issues with sustainable data-storing engendered by intensive web archiving versioning practices.","Metadata Extraction, Data Management, Born Digital Content, Preservation Tools, Web Archive Content","File Formats, Content Integrity, Migrations, Content Preservation
Technical Infrastructure, Tools, Storage, Bit Preservation
Metadata, Description","Storrar, Thomas (1);
Pallotto Strickland, Manuela (2)","1: The National Archives (UK), United Kingdom;
2: King’s College London, United Kingdom",26,167_Pallotto-Strickland-and-Storrar_Let’s-doWARC.pdf,portrait,,"Minute Madness Session: Wednesday, 23 September 2026: 11:00am - 11:45am and presenters are likely to be available during the lunch or afternoon to talk about their poster"
Introducing Dataflow Diagrams: Communicating Digital Preservation Workflows,"All digital preservation initiatives depend on robust workflows that weave digital preservation tools and processes into the infrastructure of the preserving institution and the roles and goals of the people involved. Sharing and communicating these workflows is crucial work, both within organisations and when comparing practices across different contexts. This poster proposes a standardised form of “dataflow diagram”, intended to help capture and illuminate the way digital data moves from place to place, The poster will use generic dataflows based on OAIS to set the stage, but the focus will be on documenting real workflows from the UK Web Archive (c.2023), the BFI National Archive, the Cambridge University Library, and The National Archives (UK).","Workflows, Strategy, Collaboration","Management, Organizations, Staffing, Repository Assessments, Costs
Community, Collaborations","Jackson, Andrew (1);
McConnachie, Stephen (2);
Wales, Lucy (2);
Talboom, Leontien (3);
Gostick, John (3);
Daly, Steve (4)","1: Digital Preservation Coalition, United Kingdom;
2: BFI National Archive, United Kingdom;
3: University of Cambridge Libraries & Archives, United Kingdom;
4: The National Archives, United Kingdom",20,168_AndyJackson_IntroducingDataflowDiagrams.pdf,landscape,,"Minute Madness Session: Tuesday, 22 September 2026: 11:00am - 11:45am and presenters are likely to be available later during the lunch or afternoon to talk about their poster"
Overcoming Barriers to Preserving and Sharing Qualitative Data: The Experience of FORS,"Archiving, sharing and reuse of qualitative social sciences data is not yet a common practice. In this poster, we will present the experience of FORS - Swiss center of expertise in the social sciences - concerning the preservation and sharing of qualitative data. We will describe the context and conditions which made it possible to overcome some of the (perceived) barriers.","Archives Content, Access, Social Sciences, Qualitative Data","Discovery, Access, Delivery, Emulation","Ferrez, Eliane;
Heers, Marieke","FORS, Switzerland",10,ElianeFerrez_OvercomingBarriersToPreservingAndSharingQualitativeData.pdf,portrait,,"Minute Madness Session: Wednesday, 23 September 2026: 11:00am - 11:45am and presenters are likely to be available during the lunch or afternoon to talk about their poster"
"ADVOCACY AS A CORE DIGITAL PRESERVATION COMPETENCY: STRENGTHENING AWARENESS, ACTION AND ORGANISATIONAL SUPPORT","Advocacy plays a critical role in shaping successful digital preservation programs. Whether practitioners are securing resources, raising awareness of risks or building organizational capability, advocacy activities directly support long term digital preservation outcomes. This poster frames advocacy as an essential part of digital preservation practice, which has become a key skill necessary for practitioners across roles and sectors. It highlights how purposeful communication—through clear and meaningful messaging—can reinforce the importance of digital preservation, raise awareness and inspire action. The poster also showcases the Digital Preservation Coalition’s (DPC) extensive advocacy resources, including toolkits, models, templates and training opportunities, which practitioners can draw for support in their own advocacy endeavors; advancing digital preservation within their own organizational contexts.","General Digital Preservation, Community, People, People Capacity, Strategy","Community, Collaborations","Middleton, Sarah;
Waugh, Dorothy","Digital Preservation Coalition, United Kingdom",13,Sarah Middleton and Dorothy Waugh_Advocacy as a Core Digital Preservation Competency.pdf,portrait,,"Minute Madness Session: Wednesday, 23 September 2026: 11:00am - 11:45am and presenters are likely to be available during the lunch or afternoon to talk about their poster"
Adapting to Context: Generating Collaboration Opportunities,"This poster will outline and visualize how a need to fill a process gap, the creation of file listings for datasets in the repository, has resulted in greater community engagement and collaboration with the Canadian research data management and digital preservation communities as well as with various internal partners.","Collaboration, Community, Data Management, Research Data Content, Workflows","Community, Collaborations","Tomé, Amanda;
Bos, Maaike","Digital Research Alliance of Canada, Canada",11,1093_Tome?_Adapting-to-Context.pdf,portrait,,"Minute Madness Session: Tuesday, 22 September 2026: 11:00am - 11:45am and presenters are likely to be available later during the lunch or afternoon to talk about their poster"
FROM SIMULATION TO REALITY: CHINA'S FIRST AUTHENTIC-SCENARIO EMERGENCY DRILL FOR PRESERVING LICENSED ELECTRONIC JOURNALS IN BIOMEDICINE,"Digital preservation often confronts a fundamental paradox: while the ultimate objective is to ensure ongoing use, the practical feasibility of such use is seldom empirically validated under authentic operational conditions. This paper presents a pioneering emergency drill conducted by the National Digital Preservation Center (NDPC) Medical Branch in China. Moving beyond theoretical ""dark archive"" simulations, this exercise involved 25 participating libraries and executed a live switch-over of access rights for Karger Publishers' biomedical journals. Lasting 8 hours, the drill demonstrated 100% system availability, identified and resolved critical technical bottlenecks (such as cache overflows), and established a collaborative ""Warm Archiving"" framework. This initiative marks a significant milestone in validating the national infrastructure’s readiness to safeguard critical biomedical knowledge against real-world disruptions.","Authentic-Scenario Drill, Digital Preservation, Emergency Access, Biomedical Literature, Collaboration","Community, Collaborations","Peng, Yuanyuan (1);
Ren, Huiling (1,2);
Fu, Minjun (1)","1: Institute of Medical Information/Medical Library, Chinese Academy of Medical Sciences & Peking Union Medical College, China, People's Republic of;
2: Medical Center of National Digital Preservation Centre, National Science and Technology Library",8,Peng Yuanyuan_From Simulation to Reality_ China_s First Authentic-Scenario Emergency Drill for Preserving Licensed Electronic Journals in Biomedicine.pdf,portrait,,"Minute Madness Session: Tuesday, 22 September 2026: 11:00am - 11:45am and presenters are likely to be available later during the lunch or afternoon to talk about their poster"
Digital Preservation on a National Level: A Canada-wide Portrait with the DPC RAM,"This paper presents the national digital preservation benchmarking project led by the Canadian Association of Research Libraries’ Digital Preservation Working Group (CARL DPWG), using the Digital Preservation Coalition’s Rapid Assessment Model (DPC RAM). The paper provides background information on the project’s context and design, and summarizes findings from the pilot phase. High-level summaries for each RAM criteria provide insight into the challenges and strengths of the digital preservation programs of CARL member institutions, as well as general targets for improvement. The paper concludes with a discussion of next steps for the project.","Community, Assessment, Framework","Management, Organizations, Staffing, Repository Assessments, Costs
Community, Collaborations","Good, Kenton (1);
Lake, Sarah (2);
MacGregor, James (3);
Rancourt, Y.G. (4);
Shi, Julie (5);
Tomé, Amanda (6)","1: University of Alberta, Canada;
2: Concordia University, Canada;
3: Canadian Research Knowledge Network;
4: Council of Prairie and Pacific University Libraries, Canada;
5: Scholars Portal, Canada;
6: Digital Research Alliance of Canada",12,Lake_A-Canada-wide-portrait-with-DPC-RAM.pdf,portrait,,"Minute Madness Session: Tuesday, 22 September 2026: 11:00am - 11:45am and presenters are likely to be available later during the lunch or afternoon to talk about their poster"
28 Million Documents and Counting: Digital Preservation and Corporate Accountability at the UCSF Industry Documents Library,"How do you preserve and provide access to millions of previously internal corporate documents released through public interest lawsuits? The Industry Documents Library (IDL) at the University of California San Francisco (UCSF) is a digital archive containing over 26 million digitized and born-digital documents obtained from industries which impact public health, specifically the tobacco, opioid, drug, chemical, food, and fossil fuel industries.
This presentation provides an overview of the context, workflows, and tools used when managing document disclosure for large volumes of digitized and born-digital records which may contain private information; utilizing cloud storage for preservation; and facilitating open online access for a diverse user community which has cited industry documents in over 1,200 publications and informed lifesaving public health research.","Access, Data Management, Other Storage, Risk Assessment, Open Source Software","Management, Organizations, Staffing, Repository Assessments, Costs
Technical Infrastructure, Tools, Storage, Bit Preservation
Legal / Ethical / Environmental Considerations, Policy, Strategy","Tasker, Kate;
James, Emma","University of California San Francisco, United States of America",26,192_KateTasker-EmmaJames_28-Million-Documents.pdf,landscape,,"Minute Madness Session: Tuesday, 22 September 2026: 11:00am - 11:45am and presenters are likely to be available later during the lunch or afternoon to talk about their poster"
How Well Did We Do? Measuring Digital Preservation Performance,"How can digital preservation programmes measure how well digital collections are being preserved, rather than simply how much content has been ingested into a repository or attempting to demonstrate repository “trustworthiness”? These approaches provide limited insight into whether digital material is being maintained in accordance with preservation policy requirements.
This poster presents a proposed performance metric developed at the National Library of New Zealand and Archives New Zealand to support a new organisational measure assessing the percentage of collections maintained according to preservation policies. The metric combines two factors: the proportion of digital holdings stored in compliant preservation environments, and the operational assurance that those environments are being actively managed and maintained as intended. Together, these provide a clearer and more communicable indicator of digital preservation performance that can be adapted to different types of digital collections.","Repository Assessment, Audit, Management","Management, Organizations, Staffing, Repository Assessments, Costs
Technical Infrastructure, Tools, Storage, Bit Preservation","Goethals, Andrea;
Gengenbach, Martin;
Wu, Cynthia","National Library of New Zealand and Archives New Zealand, New Zealand",14,AndreaGoethals_HowWellDidWeDo.pdf,portrait,,"Minute Madness Session: Wednesday, 23 September 2026: 11:00am - 11:45am and presenters are likely to be available during the lunch or afternoon to talk about their poster"
KEEPING OPEN BOOKS USABLE— CHALLENGES AND OPPORTUNITIES,"Doctoral theses represent a critical but often undervalued component of scholarly communication. Despite their intellectual and cultural significance, e?theses remain at risk, as highlighted by their inclusion in the 2023 DPC BitList [1][5] and recent disruptions such as the DDoS attack on the British Library’s EThOS service [2].
This poster presents completed findings from a UK?wide investigation into the preservation of electronic theses (e?theses) and related digital scholarly materials within the Open Book Futures project [3]. The study reveals structural, policy, and workflow challenges that undermine the long-term usability of open scholarly outputs, including theses, supplementary materials, and associated research data. Conducted across research?intensive universities and with input from national libraries, the work highlights systemic gaps in preservation capabilities, inconsistent policy alignment, unclear stewardship responsibilities, and limited training provision across staff and doctoral researchers.
The poster reframes these findings as both challenges and opportunities for improving the sustainability and usability of open scholarly works. It also outlines future work, including targeted training programmes co?developed with the Digital Preservation Coalition, sector?wide policy recommendations, and research directions addressing emerging risks such as cyberthreats, format obsolescence, and sustainability concerns. The poster contributes to iPRES 2026 themes by offering practical pathways toward trusted, scalable, climate?conscious preservation of open academic outputs.","Access, open books, e?theses, sustainability, workflows","Management, Organizations, Staffing, Repository Assessments, Costs
Technical Infrastructure, Tools, Storage, Bit Preservation
Discovery, Access, Delivery, Emulation","Stokes, Paul (1);
Cole, Gareth (2)","1: Jisc;
2: University of Exeter",online,placeholder,,,"Minute Madness Session: Wednesday, 23 September 2026: 11:00am - 11:45am and presenters are likely to be available during the lunch or afternoon to talk about their poster"
"DDI for beginners: free, bilingual training resources to help you start making your data FAIR with the DDI standard","The FAIR principles (Findable, Accessible, Interoperable, Reusable) rely heavily on high?quality metadata and on the use of metadata standards such as the Data Documentation Initiative (DDI). DDI plays a key role in enabling data reuse and reproducibility by providing a rich, structured metadata framework that captures essential information about the data, including elements needed to assess data quality and provenance.
Although DDI is well established within communities experienced in (meta)data management, it remains less accessible to newcomers. To broaden the adoption of FAIR practices, it is crucial to support researchers and data professionals who are unfamiliar with metadata standards and who may find existing DDI materials too abstract or technically demanding.
In France, the two national Open Science Plans and the evolving landscape of data?sharing practices have brought DDI to the attention of many “new” data professionals. Despite the availability of numerous DDI resources (slide decks, recorded webinars, documentation), there is a clear need for true beginner?level training materials. Existing resources are often perceived as too conceptual, complex, or difficult to navigate by first?time DDI users who lack prior experience with metadata management.
The French FAIRwDDI project (Work Package 2) was created to address this gap. Specialists from the Center for Socio-Political Data of Sciences Po/CNRS (France) and CLOSER, UCL (UK) collaborated during two week?long sprints to develop introductory DDI training materials designed specifically for beginners and showcased at EDDI. Their guiding question was: What is the minimum set of DDI metadata needed to make data reusable? They also aimed to ensure that learners acquire a solid understanding of core metadata and DDI concepts. A designer contributed to the project to make the materials visually clear, intuitive, and user?friendly.
This poster presents two beginner?level DDI training resources, produced in both French and English, which will be made freely available to the community.","Data Documentation Initiative, Metadata, Standards, Data Management","Community, Collaborations
Metadata, Description","Danciu, Alina (1);
Jon Johnson, Jon (2);
Oldroyd, Becky (2);
Marie, Lucie (1)","1: Sciences Po, Center for Socio-Political Data (CDSP), CNRS, France;
2: UCL, CLOSER UK",15,DANCIU_DDI Metadata for Beginners.pdf,portrait,,"Minute Madness Session: Wednesday, 23 September 2026: 11:00am - 11:45am and presenters are likely to be available during the lunch or afternoon to talk about their poster"
ARE WE ON THE RIGHT TRACK?,"The EOSC Long?Term Data Retention (LTDR) Task Force has conducted a comprehensive analysis of current needs, gaps, and strategic challenges affecting long?term research data retention across disciplines and stakeholder communities. Findings from the 2024–2026 Task Force activities highlight nine major challenge domains, ranging from funding, skills and expertise, disciplinary fragmentation, and policy gaps to legal, ethical, trust, and technological barriers. This poster presents an accessible synthesis of these challenges, together with preliminary recommendations, with the explicit aim of inviting critique, refinement, and contribution from the iPRES community. It will serve as a catalyst for producing a community?endorsed, finalised version of the report by late 2026, supported by open feedback channels and structured consultation workflows.","Community, Long?term data retention, Digital preservation governance, Trustworthy data stewardship (EOSC), Cross?disciplinary retention challenges.","Community, Collaborations
Legal / Ethical / Environmental Considerations, Policy, Strategy","Stokes, Paul (1);
Flores, Jacques (2)","1: Jisc;
2: Utrecht University",online,placeholder,,,"Minute Madness Session: Wednesday, 23 September 2026: 11:00am - 11:45am and presenters are likely to be available during the lunch or afternoon to talk about their poster"
AIDA: A Network-Based Approach to Technical Partner Communication,"There's no way of getting around it: archiving born-digital content requires archivists to cooperate effectively with technical partners, yet this collaboration is frequently hindered by a communication gap.
Technical partners may lack insight into theoretical archival requirements for long-term preservation (such as OAIS and its interpretation), while archivists may struggle to translate archival principles into technical specifications.
This poster presents AIDA, a Flemish network initiative, that addresses this gap through a cooperative, community-driven model. By bringing together archival institutions, technical expertise, and a central coordinator, AIDA facilitates mutual learning and shared responsibility in the development of sustainable workflows for born-digital archiving.
The poster highlights how this approach improves communication, supports informed decision-making, and contributes to a durable digital preservation infrastructure.","Born Digital Content, Open Source Software, network, Collaboration, sustainability","Management, Organizations, Staffing, Repository Assessments, Costs
Technical Infrastructure, Tools, Storage, Bit Preservation
Community, Collaborations","Maene, Merijn (1);
Savels, Maarten (2)","1: AIDA-netwerk vzw, Belgium;
2: Amsab--Institute for Social History, Belgium",16,MerijnMaene_AIDAModel.pdf,portrait,,"Minute Madness Session: Wednesday, 23 September 2026: 11:00am - 11:45am and presenters are likely to be available during the lunch or afternoon to talk about their poster"
PReservation As A Service: The CERN Preserve Hub,"The European Organization for Nuclear Research (CERN) has set up a Preservation Service to ensure any data under its Intellectual Property can be treated for long term preservation according to world-wide standards.
The CERN Preserve Hub is designed to communicate with the live information repositories run within the institute. Service level agreements establish how the Data and Metadata from these source systems are harvested in order to convert them into Archival Information Packages.
The poster will describe the two main areas that have empowered the raise of this new service. It will highlight the technical developments and how the backend engine can be scaled to support the massive data produced by CERN. It will also expose the underlying policies that are guiding a centralized preservation strategy, covering all possible data types.","Strategy, Preservation Planning, Workflow, OAIS, EOSC EDEN","Management, Organizations, Staffing, Repository Assessments, Costs
Technical Infrastructure, Tools, Storage, Bit Preservation","Le Meur, Jean-Yves;
Liptak, Panna","CERN, Switzerland",17,234-Liptak_LeMeur-CERN-Preservation-As-A-Service.pdf,portrait,,"Minute Madness Session: Tuesday, 22 September 2026: 11:00am - 11:45am and presenters are likely to be available later during the lunch or afternoon to talk about their poster"
Taking a risk?,This poster describes how the implementation of a digital preservation risk assessment programme using the CHARM Reference Model for Conceptualising and Characterising Digital Preservation Risk supported digital collections management at the British Library following a major cyber incident.,"Risk Identification, Risk Assessment, Community, Collaboration, Engagement","Community, Collaborations","Lucas, Rebecca;
Whibley, Simon;
Day, Michael","The British Library, United Kingdom",23,240_LucasWhibleyDay_TakingARisk.pdf,portrait,,"Minute Madness Session: Wednesday, 23 September 2026: 11:00am - 11:45am and presenters are likely to be available during the lunch or afternoon to talk about their poster"
"The Good, the Grey and the Redundant - Data Redundancy and Grey Literature at the EDC","The Energy Data Centre (EDC) is a capability of the UK Energy Research Centre (UKERC) which is an independent research centre that carries out research into sustainable future energy systems in the UK. The EDC curates UK energy research data for long term preservation and provides a discovery portal to make this data Findable and Accessible.
The EDC has been running as a service for 25 years without a major outage, achieved in part through our practice of Data Redundancy across our multiple servers. This approach has enabled the EDC to minimise disruption to users of the service during periods of server instability, as well as bolstering the preservation practices by maintaining multiple copies of the digital objects in case of a loss of file integrity.
Storing copies of digital objects in multiple locations does however come with the added consideration of ensuring that all of these copies are identical. In 2025, the EDC expanded on its preservation practices to best account for these considerations. An in-house integrity checking tool was created that assesses our files across all storage locations to ensure their quality through checksums. Additionally, we introduced both file manifests and metadata files for the datasets we hold for both data validation and machine readability to improve the Findability of our content.
Data redundancy is especially important for the long-term preservation of grey literature, these being publications that were not formally published. This is because if the only instance of a document that is no longer available anywhere else is corrupted, this data could become permanently lost. The EDC has a strong focus on preserving grey literature, such as with the Energy Technologies Institute (ETI) which ran from 2007-2019 and produced many reports that would have been inaccessible once the website shut down in 2025 if they hadn’t also been stored on the EDC. Preserving multiple copies of these publications in different locations ensures these copies can be used to restore the data back to its original version if a specific instance of the file is damaged, ensuring it is still Findable and Accessible to users and securing its preservation.
This poster will detail how these preservation practices are carried out at the EDC, the importance of each within the context of Grey Literature and ETI, how these practices support FAIR data, and the EDCs plans moving forward to streamline this process, while still following preservation best practices.","Preservation Action, Research Data Content, Data Management, Validation, Collection Assessment","File Formats, Content Integrity, Migrations, Content Preservation
Technical Infrastructure, Tools, Storage, Bit Preservation
Metadata, Description","Brough, Oliver;
Holt, Peter;
Mistry, Vivek","UKRI, United Kingdom",26,246_Oliver-Brough_The-Good-The-Grey-The-Redundant.pdf,portrait,,"Minute Madness Session: Tuesday, 22 September 2026: 11:00am - 11:45am and presenters are likely to be available later during the lunch or afternoon to talk about their poster"
"Transparent, Referenceable, Integrated, Preservation Planning TRIPP","This poster proposes that any organisational entity that looks after data and/or metadata should take an approach that integrates retention, curation and preservation planning, and should share a transparent and referenceable (i.e. structured, persistently identified, resolvable) set of supporting information. It presents a diagrammatic overview of the Internal and External Inputs, Preservation Planning and the Digital Object Management Lifecycle, including Assessment and Intervention.
The overall vision of transparent, referenceable, integrated preservation planning is provision of a TRIPP template that all repositories can use to share and to clarify their practice.","Preservation Planning, Preservation Action, Data Management, Digital Preservation Functions","Management, Organizations, Staffing, Repository Assessments, Costs
File Formats, Content Integrity, Migrations, Content Preservation
Appraisal / Selection, Acquisition, Ingest
Discovery, Access, Delivery, Emulation","L'Hours, Hervé (1);
Parkes, Oliver (1);
Benauer, Maria (2);
Lindlar, Micky (2);
Caron, Bertrand (2);
Kleemola, Mari (3)","1: UK Data Service,  UK Data Archive,  University of Essex;
2: TIB - Leibniz Information Centre for Science  and Technology;
3: Finnish Social Science  Data Archive (FSD), Tampere University",27,HLH-TRIPP_v02_00.drawio.pdf,portrait,,"Minute Madness Session: Wednesday, 23 September 2026: 11:00am - 11:45am and presenters are likely to be available during the lunch or afternoon to talk about their poster"
We Can’t Keep Everything Forever: A Landscape Analysis of Data Retention in U.S. Data Repositories,"This poster presents an in-progress study being conducted to investigate how research data repositories are responding to the exponential growth of data while balancing preservation best practices; in particular, retention and deaccessioning. This poster will discuss our methods for identifying repositories for review, evaluation criteria, and preliminary results of the ongoing study. This research study expands on a smaller, preliminary study presented at iPRES 2022.","Research Data Content, data retention, appraisal","Management, Organizations, Staffing, Repository Assessments, Costs
Appraisal / Selection, Acquisition, Ingest","Narlock, Mikala (1);
Luong, Hoa (2);
Taylor, Danielle (1)","1: Indiana University Libraries, United States of America;
2: University of Illinois Urbana-Champaign, United States of America",28,Narlock_WeCantKeepEverythingForever.pdf,portrait,,"Minute Madness Session: Wednesday, 23 September 2026: 11:00am - 11:45am and presenters are likely to be available during the lunch or afternoon to talk about their poster"
Current Trends in Fixity Practices: Results from the 2025 NDSA Fixity Survey,"In 2025, the NDSA Fixity Survey Working Group conducted its third iteration of the Fixity Survey in order to better understand how fixity and integrity practices have grown and changed. Based on the structure and results of the 2017 and 2021 fixity survey reports, the 2025 Fixity Survey provides insight into how organizations worldwide use various fixity methods to ensure the stability of their digital content and to learn how real-world capacity and best practices differ. This poster shares the results from the 2025 Fixity Survey and illuminates the value of community-wide data gathering and knowledge sharing.","Fixity, Validation, Preservation Tools","Technical Infrastructure, Tools, Storage, Bit Preservation","Taylor, Danielle (1);
Kussmann, Carol (2);
Pahl, Aaron (3);
Kidd, Margaret (4);
Oldham, Krista (5)","1: Indiana University Libraries, United States of America;
2: University of Minnesota, United States of America;
3: University of Alabama at Birmingham, United States of America;
4: Virginia Commonwealth University, United States of America;
5: Texas A&M University, United States of America",28,Taylor_NDSAFixitySurveyResults.pdf,landscape,,"Minute Madness Session: Wednesday, 23 September 2026: 11:00am - 11:45am and presenters are likely to be available during the lunch or afternoon to talk about their poster"
LOWER SAXONY STATE INITIATIVE FOR DIGITAL PRESERVATION,The Lower Saxony State Initiative for Digital Preserva-tion (Landesinitiative Langzeitarchivierung – LiLA) is a five-year project (2025-2030) which supports the state and academic libraries and museums in establishing and im-plementing Digital Preservation (DP). LiLA builds on the Digital Preservation-as-a-Service workflows offered by the German National Library of Science and Technology (TIB) and will test the scalability of these workflows. In addition to providing an entry point in DP for the men-tioned institutions the project will foster community and estimate resource needs for DP for participating institu-tions. The poster will highlight the insights gained during the first year.,"Collaboration, Community, Workflows","Community, Collaborations","Walz, Annabel;
Rücknagel, Jesko","TIB – Leibniz Information Centre for Science and Technology and University Library Germany, Germany",31,263_Annabel-Walz_Lower-Saxony-State-Initiative.pdf,portrait,,"Minute Madness Session: Wednesday, 23 September 2026: 11:00am - 11:45am and presenters are likely to be available during the lunch or afternoon to talk about their poster"
Sustainable and systematic: building a search index of research and practice in web archiving and digital preservation,"Our project introduces the Awesome Indexer, which brings together digital preservation and web archiving resources into a single search interface and database. Our key argument is that centralised discovery is crucial for the long-term sustainability of these resources, encouraging reuse and investment in those resources rather than attempting to replace them.","Access, Database Content, Workflows","Technical Infrastructure, Tools, Storage, Bit Preservation
Community, Collaborations","Holownia, Olga (1);
Jackson, Andrew N. (2);
Healy, Sharon (1)","1: IIPC, United States of America;
2: Digital Preservation Coalition, United Kingdom",22,281_AndyJackson_BuildingAnIndexOfPractice.pdf,landscape,,"Minute Madness Session: Tuesday, 22 September 2026: 11:00am - 11:45am and presenters are likely to be available later during the lunch or afternoon to talk about their poster"
AI-ENABLED ACCESS TO LARGE AND SENSITIVE COLLECTIONS,"We present an approach to processing high-volume deposits of content leveraging technologies using open-source large language models and image description tools to generate descriptive metadata, summarization of text, and identification of potentially sensitive images. This approach, combined with on-demand human review for redaction of specific documents should enable researchers to more quickly locate information relevant to their research interests and protect sensitive information through abstraction, allowing archivists to provide more rapid and useful access to previously unavailable accessions.","Metadata Extraction, Email Content, Image Content, Risk Management, Workflows","Technical Infrastructure, Tools, Storage, Bit Preservation
Metadata, Description
Discovery, Access, Delivery, Emulation","West, Brent;
Kaczmarek, Joanne",University of Illinois,32,282_Brent-West_AI-Enabled-Access-To-Large-And-Sensitive-Collections.pdf,portrait,,"Minute Madness Session: Wednesday, 23 September 2026: 11:00am - 11:45am and presenters are likely to be available during the lunch or afternoon to talk about their poster"
50 Billion Objects of the Danish Web: Visualizing Two Decades of Netarkivet,"Since 2005, the Danish national web archive Netarkivet, maintained by the Royal Danish Library, has systematically collected and preserved the Danish web under the Danish legal deposit framework. Through domain, selective, and event-based harvesting, the archive captures both the breadth and depth of Denmark’s online presence, documenting the evolution of the country’s digital public sphere.
Over two decades of web archiving have produced a collection of more than 50 billion archived objects from over 3.3 million unique domains, representing approximately 1.6 petabytes of preserved data. The collection includes HTML pages, images, text files, PDFs, audio, video, and other web resources. This poster presents a large-scale visualization of Netarkivet, providing a novel perspective on the structure, composition, and growth of a national web archive.
The visualization highlights the scale and heterogeneity of the collection, which currently contains approximately 31.6 billion HTML files, 9 billion images, 7.4 billion other file types, 3 billion text files, 136 million PDFs, 23 million video files, and 14 million audio files. It also illustrates the historical development of the archive from 1995–2026, including growth in harvested content and the impact of large-scale deduplication. To contextualize the collection, the poster incorporates a historical link graph of Danish web domains from 1998–2003, revealing patterns in the early development of the Danish web and its relationship to subsequent preservation efforts.
Beyond visualizing content, the poster outlines key preservation and access milestones, including the adoption of browser-based crawling technologies, long-term preservation through replicated storage using open-source BitRepository software, and the evolution of access services from URL-based retrieval to full-text search and discovery through SolrWayback and pywb. The poster further demonstrates how archived web data supports research, highlighting projects ranging from studies of the historical Danish web domain to recent investigations of childhood and digital culture in the early web era.
Finally, the poster reflects on challenges facing contemporary web archiving, including technological obsolescence, resource constraints, crawler blocking, and the increasing fragmentation of the web. By presenting Netarkivet through a visual lens, this work demonstrates how visualization can bridge preservation infrastructure and scholarly engagement, making large-scale web archives more accessible, interpretable, and meaningful as both technical systems and cultural heritage collections.","Web Archive Content, Data Visualisation. Link Graphs","Technical Infrastructure, Tools, Storage, Bit Preservation
Metadata, Description
Discovery, Access, Delivery, Emulation","Klindt Myrvoll, Anders","Royal Danish Library, Denmark",33,placeholder,portrait,,"Minute Madness Session: Wednesday, 23 September 2026: 11:00am - 11:45am and presenters are likely to be available during the lunch or afternoon to talk about their poster"
Repository-Native Documentation for Research Data Preservation with Well-known Repository Files,"This poster proposes a repository-native approach to research data preservation in which well-known repository files such as README.md, CONTRIBUTORS.md, NOTICE.md, and ETHICS.md serve as primary documentation for preservation-relevant metadata.
It also introduces issue-level Markdown records to document actions, rationale, uncertainty, and residual problems. Together, these records support continuous provenance capture during research and can be transformed into outputs such as RO-Crate, METS, JPCOAR2 metadata, and TEI header.","Research Data Content, Management, Metadata, AI-assisted software development, Provenance","Management, Organizations, Staffing, Repository Assessments, Costs
File Formats, Content Integrity, Migrations, Content Preservation
Metadata, Description
Legal / Ethical / Environmental Considerations, Policy, Strategy","Kameda, Akihiro (1);
Kitaoka, Tamako (1);
Goto, Makoto (1,2)","1: National Institutes for the Humanities, Japan;
2: National Museum of Japanese History, Japan",34,placeholder,,,"Minute Madness Session: Wednesday, 23 September 2026: 11:00am - 11:45am and presenters are likely to be available during the lunch or afternoon to talk about their poster"
